{
  "rows": 11500,
  "features": 178,
  "tracks": [
    "binary",
    "multiclass"
  ],
  "total_experiments": 288,
  "best_binary": {
    "track": "binary",
    "feature_set": "svd",
    "model": "SVM",
    "accuracy": 0.9719129372026316,
    "error_rate": 0.0280870627973683,
    "precision": 0.9540997878921448,
    "recall": 0.903042495997313,
    "f1": 0.9278551923842504,
    "roc_auc": 0.9944761146236814
  },
  "best_multiclass": {
    "track": "multiclass",
    "feature_set": "original",
    "model": "MLP_ANN",
    "accuracy": 0.6746955111607763,
    "error_rate": 0.3253044888392236,
    "precision": 0.6768432534127701,
    "recall": 0.6746945078936051,
    "f1": 0.6754969632652089,
    "roc_auc": null
  }
}